{"stats":{"minecraft:used":{"minecraft:acacia_log":1,"minecraft:leather_leggings":1,"minecraft:stone_sword":63,"minecraft:wooden_pickaxe":11,"minecraft:iron_sword":129,"minecraft:white_wool":2,"minecraft:dirt":13,"minecraft:mutton":3,"scalinghealth:heart_crystal":2,"minecraft:crafting_table":1,"minecraft:brown_terracotta":4,"minecraft:wooden_axe":5,"minecraft:iron_pickaxe":9,"minecraft:stone_axe":26,"minecraft:cobblestone":1,"minecraft:beef":2,"minecraft:porkchop":5,"minecraft:acacia_planks":2},"minecraft:mined":{"ars_nouveau:green_archwood_log":15,"minecraft:crafting_table":1,"minecraft:acacia_log":7,"minecraft:grass_block":5,"iceandfire:fire_lily":1,"minecraft:tall_grass":1,"minecraft:oak_planks":1,"minecraft:coarse_dirt":2,"minecraft:grass":10,"minecraft:dirt":5,"minecraft:brown_terracotta":5,"minecraft:stone":12,"minecraft:white_wool":1},"minecraft:dropped":{"minecraft:wheat_seeds":3,"minecraft:coarse_dirt":1,"minecraft:stone_sword":2,"born_in_chaos_v1:ethereal_spirit":1,"minecraft:rotten_flesh":2,"minecraft:chainmail_boots":1,"gravestone:obituary":1,"doggytalents:rice_grains":2,"minecraft:chainmail_leggings":1,"minecraft:acacia_planks":8},"minecraft:killed":{"fight_or_die:springer":1,"born_in_chaos_v1:spirit_guide":1,"minecraft:pig":4,"ars_nouveau:drygmy":1,"born_in_chaos_v1:restless_spirit":1,"born_in_chaos_v1:spirit_guide_assistant":3,"minecraft:spider":1,"born_in_chaos_v1:siamese_skeletonsright":1,"born_in_chaos_v1:zombie_bruiser":1,"born_in_chaos_v1:decrepit_skeleton":2,"born_in_chaos_v1:scarlet_persecutor":2,"minecraft:sheep":2,"minecraft:zombie":7,"minecraft:chicken":3,"born_in_chaos_v1:siamese_skeletonsleft":1,"minecraft:cow":7},"minecraft:picked_up":{"born_in_chaos_v1:fused_bone":2,"minecraft:crafting_table":1,"minecraft:coarse_dirt":1,"minecraft:feather":6,"minecraft:chicken":3,"iceandfire:fire_lily":1,"minecraft:leather":6,"doggytalents:rice_grains":5,"minecraft:chainmail_chestplate":1,"scalinghealth:heart_crystal":2,"minecraft:dirt":13,"minecraft:bone":6,"minecraft:wheat_seeds":4,"minecraft:beef":14,"scalinghealth:power_crystal_shard":4,"minecraft:light_gray_wool":1,"minecraft:oak_planks":1,"minecraft:egg":2,"minecraft:brown_terracotta":4,"minecraft:acacia_log":21,"born_in_chaos_v1:ethereal_spirit":8,"minecraft:porkchop":11,"born_in_chaos_v1:pieceofdarkmetal":3,"ars_nouveau:green_archwood_log":15,"minecraft:zombie_spawn_egg":1,"minecraft:stone_sword":1,"minecraft:rotten_flesh":15,"scalinghealth:cursed_heart":1,"minecraft:mutton":3,"minecraft:white_wool":2,"minecraft:cobblestone":12},"minecraft:custom":{"minecraft:interact_with_smithing_table":1,"minecraft:mob_kills":40,"minecraft:interact_with_anvil":1,"minecraft:interact_with_crafting_table":5,"minecraft:damage_dealt_resisted":297,"minecraft:leave_game":5,"minecraft:time_since_death":26600,"minecraft:damage_resisted":0,"minecraft:time_since_rest":26626,"minecraft:waystone_activated":1,"minecraft:sprint_one_cm":107373,"minecraft:damage_taken":1746,"minecraft:walk_one_cm":94590,"minecraft:drop":13,"minecraft:damage_dealt":7759,"minecraft:swim_one_cm":7798,"minecraft:fly_one_cm":171084,"minecraft:open_chest":23,"minecraft:crouch_one_cm":3058,"minecraft:play_time":43264,"minecraft:deaths":1,"minecraft:sneak_time":791,"minecraft:walk_under_water_one_cm":420,"minecraft:jump":732,"minecraft:interact_with_brewingstand":1,"minecraft:interact_with_blast_furnace":1,"minecraft:walk_on_water_one_cm":1200,"minecraft:total_world_time":43264,"minecraft:fall_one_cm":22849},"minecraft:crafted":{"minecraft:crafting_table":1,"minecraft:wooden_pickaxe":1,"minecraft:stone_axe":1,"minecraft:stick":12,"minecraft:stone_pickaxe":1,"minecraft:wooden_axe":1,"minecraft:stone_sword":1,"minecraft:acacia_planks":80}},"DataVersion":3465}