{"stats":{"minecraft:custom":{"minecraft:time_since_rest":212,"minecraft:sprint_one_cm":41700,"minecraft:damage_taken":1164,"minecraft:walk_one_cm":49347,"minecraft:mob_kills":21,"minecraft:drop":6,"minecraft:damage_dealt":3107,"minecraft:swim_one_cm":4078,"minecraft:interact_with_crafting_table":4,"minecraft:fly_one_cm":77098,"minecraft:open_chest":5,"minecraft:crouch_one_cm":1657,"minecraft:play_time":16850,"minecraft:deaths":1,"minecraft:sneak_time":560,"minecraft:walk_under_water_one_cm":282,"minecraft:jump":338,"minecraft:damage_dealt_resisted":57,"minecraft:leave_game":1,"minecraft:time_since_death":186,"minecraft:walk_on_water_one_cm":354,"minecraft:total_world_time":16850,"minecraft:fall_one_cm":9817},"minecraft:used":{"minecraft:wooden_axe":5,"minecraft:stone_sword":63,"minecraft:acacia_log":1,"minecraft:wooden_pickaxe":11,"minecraft:stone_axe":26,"scalinghealth:heart_crystal":2,"minecraft:beef":1,"minecraft:crafting_table":1,"minecraft:porkchop":5},"minecraft:killed":{"fight_or_die:springer":1,"minecraft:zombie":4,"minecraft:pig":4,"minecraft:chicken":3,"born_in_chaos_v1:spirit_guide_assistant":1,"minecraft:spider":1,"born_in_chaos_v1:siamese_skeletonsright":1,"born_in_chaos_v1:siamese_skeletonsleft":1,"minecraft:cow":5},"minecraft:dropped":{"minecraft:stone_sword":2,"gravestone:obituary":1,"minecraft:chainmail_boots":1,"minecraft:chainmail_leggings":1,"minecraft:acacia_planks":8},"minecraft:picked_up":{"born_in_chaos_v1:fused_bone":2,"minecraft:crafting_table":1,"minecraft:feather":6,"minecraft:chicken":3,"iceandfire:fire_lily":1,"minecraft:leather":5,"born_in_chaos_v1:ethereal_spirit":1,"minecraft:acacia_log":19,"doggytalents:rice_grains":3,"minecraft:porkchop":11,"scalinghealth:heart_crystal":2,"ars_nouveau:green_archwood_log":15,"minecraft:zombie_spawn_egg":1,"minecraft:stone_sword":1,"minecraft:rotten_flesh":7,"minecraft:wheat_seeds":1,"minecraft:beef":10,"scalinghealth:power_crystal_shard":4,"minecraft:cobblestone":10,"minecraft:egg":2},"minecraft:mined":{"ars_nouveau:green_archwood_log":15,"minecraft:crafting_table":1,"minecraft:grass":5,"minecraft:acacia_log":5,"minecraft:grass_block":2,"iceandfire:fire_lily":1,"minecraft:tall_grass":1,"minecraft:stone":10},"minecraft:crafted":{"minecraft:crafting_table":1,"minecraft:stick":12,"minecraft:wooden_pickaxe":1,"minecraft:stone_pickaxe":1,"minecraft:wooden_axe":1,"minecraft:stone_sword":1,"minecraft:acacia_planks":72,"minecraft:stone_axe":1}},"DataVersion":3465}