{"stats":{"minecraft:used":{"easy_npc:fairy_spawn_egg":1,"easy_npc:iron_golem_spawn_egg":1,"minecraft:grass_block":13},"minecraft:custom":{"minecraft:jump":24,"minecraft:time_since_rest":12878,"minecraft:waystone_activated":1,"minecraft:crouch_one_cm":51,"minecraft:leave_game":1,"minecraft:sprint_one_cm":3345,"minecraft:play_time":12878,"minecraft:walk_on_water_one_cm":277,"minecraft:time_since_death":12878,"minecraft:walk_one_cm":8597,"minecraft:sneak_time":187,"minecraft:total_world_time":12878,"minecraft:fly_one_cm":18053}},"DataVersion":3465}