{"stats":{"minecraft:custom":{"minecraft:jump":28,"minecraft:open_chest":1,"minecraft:time_since_rest":1827,"minecraft:leave_game":1,"minecraft:sprint_one_cm":1638,"minecraft:play_time":1827,"minecraft:walk_on_water_one_cm":320,"minecraft:time_since_death":1827,"minecraft:walk_one_cm":969,"minecraft:total_world_time":1827,"minecraft:walk_under_water_one_cm":222,"minecraft:drop":1,"minecraft:fall_one_cm":209,"minecraft:fly_one_cm":56217},"minecraft:dropped":{"beyond_earth:small_model_modifier":1}},"DataVersion":3465}