{"stats":{"minecraft:used":{"vampirism:hunter_axe_normal":20,"minecraft:polished_granite_stairs":1,"minecraft:stone_sword":221,"minecraft:wooden_pickaxe":3,"vampirism:human_heart":3,"vampirism:item_alchemical_fire":6,"minecraft:gilded_blackstone":6,"minecraft:white_wool":2,"minecraft:dirt":16,"minecraft:mutton":3,"scalinghealth:heart_crystal":2,"minecraft:crafting_table":3,"minecraft:acacia_sapling":1,"minecraft:spruce_fence":1,"minecraft:black_wool":1,"minecraft:oak_stairs":1,"minecraft:iron_axe":12,"minecraft:bread":7,"minecraft:pig_spawn_egg":2,"minecraft:iron_pickaxe":53,"minecraft:polished_granite":3,"werewolves:liver":1,"minecraft:beef":10,"minecraft:porkchop":2},"minecraft:dropped":{"vampirism:armor_of_swiftness_legs_ultimate":1,"minecraft:stone_sword":1,"minecraft:sandstone_slab":1,"minecraft:stick":1,"vampirism:hunter_axe_normal":1,"minecraft:dirt":3,"vampirism:vampire_fang":1,"apotheosis:gem":1,"gravestone:obituary":2,"werewolves:liver":3,"vampirism:garlic_bread":4},"minecraft:mined":{"minecraft:sandstone_slab":1,"minecraft:acacia_leaves":1,"minecraft:blackstone":5,"minecraft:jungle_leaves":6,"minecraft:polished_granite":3,"minecraft:smooth_sandstone":1,"minecraft:crafting_table":1,"minecraft:acacia_log":4,"minecraft:spruce_fence":1,"minecraft:grass_block":6,"minecraft:brick_stairs":9,"minecraft:bricks":3,"minecraft:gilded_blackstone":11,"minecraft:spruce_log":1,"minecraft:grass":5,"minecraft:oak_stairs":1,"minecraft:dirt":6,"minecraft:stone":9,"minecraft:granite_stairs":3,"minecraft:polished_granite_stairs":1,"minecraft:oak_leaves":21},"minecraft:killed":{"fight_or_die:springer":1,"vampirism:vampire":1,"minecraft:wolf":1,"born_in_chaos_v1:spirit_guide":2,"born_in_chaos_v1:fallen_chaos_knight":1,"minecraft:husk":1,"minecraft:pig":13,"irons_spellbooks:summoned_zombie":3,"born_in_chaos_v1:zombie_lumberjack":1,"born_in_chaos_v1:baby_skeleton":1,"born_in_chaos_v1:spirit_guide_assistant":5,"minecraft:spider":9,"irons_spellbooks:necromancer":1,"born_in_chaos_v1:maggot":2,"born_in_chaos_v1:scarlet_persecutor":3,"vampirism:hunter":9,"minecraft:horse":4,"minecraft:sheep":2,"minecraft:skeleton":4,"fight_or_die:shiller":2,"fight_or_die:mutated_sheep":1,"minecraft:zombie":6,"born_in_chaos_v1:dread_hound":2,"minecraft:chicken":1,"vampirism:advanced_hunter":2,"minecraft:cow":6},"minecraft:picked_up":{"irons_spellbooks:scroll":1,"fight_or_die:springer_fragment":1,"minecraft:sandstone_slab":1,"minecraft:crafting_table":1,"born_in_chaos_v1:monster_flesh":1,"minecraft:feather":2,"minecraft:chainmail_boots":1,"minecraft:chicken":1,"minecraft:leather":5,"minecraft:bee_spawn_egg":1,"minecraft:potato":1,"minecraft:oak_stairs":1,"doggytalents:rice_grains":1,"minecraft:granite_stairs":3,"minecraft:gilded_blackstone":8,"minecraft:oak_log":2,"minecraft:chainmail_chestplate":1,"gravestone:obituary":1,"scalinghealth:heart_crystal":3,"minecraft:string":7,"minecraft:dirt":35,"minecraft:polished_granite":3,"minecraft:smooth_sandstone":1,"vampirism:human_heart":3,"minecraft:bone":10,"minecraft:blackstone":5,"minecraft:acacia_planks":8,"minecraft:bow":1,"minecraft:beef":13,"minecraft:cooked_chicken":2,"minecraft:acacia_sapling":1,"minecraft:egg":1,"minecraft:stick":3,"scalinghealth:heart_crystal_shard":9,"born_in_chaos_v1:shattered_skull":1,"werewolves:liver":6,"minecraft:pig_spawn_egg":2,"born_in_chaos_v1:ethereal_spirit":6,"minecraft:acacia_log":8,"minecraft:spruce_fence":1,"minecraft:porkchop":24,"vampirism:vampire_fang":1,"born_in_chaos_v1:pieceofdarkmetal":3,"minecraft:spruce_log":2,"minecraft:spider_eye":2,"minecraft:polished_granite_stairs":1,"minecraft:stone_sword":1,"minecraft:arrow":3,"minecraft:rotten_flesh":8,"minecraft:cow_spawn_egg":1,"minecraft:chainmail_leggings":1,"minecraft:crossbow":2,"minecraft:brick_stairs":8,"minecraft:oak_sapling":1,"minecraft:black_wool":1,"minecraft:mutton":6,"minecraft:bricks":3,"minecraft:white_wool":2,"minecraft:cobblestone":9},"minecraft:custom":{"minecraft:mob_kills":90,"minecraft:interact_with_crafting_table":7,"minecraft:open_barrel":1,"minecraft:bell_ring":2,"minecraft:damage_dealt_resisted":1149,"minecraft:time_since_death":27231,"minecraft:climb_one_cm":1864,"minecraft:damage_resisted":0,"minecraft:time_since_rest":27248,"minecraft:waystone_activated":2,"minecraft:sprint_one_cm":113044,"minecraft:damage_taken":1905,"minecraft:walk_one_cm":217378,"minecraft:drop":16,"minecraft:damage_dealt":16620,"minecraft:swim_one_cm":23041,"minecraft:talked_to_villager":1,"minecraft:fly_one_cm":152435,"minecraft:open_chest":18,"minecraft:crouch_one_cm":6651,"minecraft:play_time":43864,"minecraft:deaths":1,"minecraft:sneak_time":631,"minecraft:walk_under_water_one_cm":2217,"minecraft:jump":858,"minecraft:walk_on_water_one_cm":8350,"minecraft:total_world_time":43864,"vampirism:blood_drunk":6600,"minecraft:fall_one_cm":21674}},"DataVersion":3465}