{"stats":{"minecraft:custom":{"minecraft:time_since_rest":26,"minecraft:sprint_one_cm":33597,"minecraft:damage_taken":774,"minecraft:walk_one_cm":57463,"minecraft:mob_kills":38,"minecraft:drop":1,"minecraft:damage_dealt":6914,"minecraft:swim_one_cm":5118,"minecraft:interact_with_crafting_table":3,"minecraft:fly_one_cm":61173,"minecraft:open_chest":2,"minecraft:crouch_one_cm":550,"minecraft:deaths":1,"minecraft:play_time":16642,"minecraft:bell_ring":2,"minecraft:sneak_time":112,"minecraft:walk_under_water_one_cm":1090,"minecraft:damage_dealt_resisted":142,"minecraft:jump":311,"minecraft:time_since_death":9,"minecraft:walk_on_water_one_cm":700,"minecraft:total_world_time":16642,"minecraft:damage_resisted":0,"minecraft:fall_one_cm":7036},"minecraft:used":{"minecraft:stone_sword":100,"minecraft:pig_spawn_egg":2,"minecraft:wooden_pickaxe":3,"minecraft:beef":10,"minecraft:crafting_table":1,"minecraft:acacia_sapling":1},"minecraft:killed":{"minecraft:skeleton":3,"born_in_chaos_v1:spirit_guide":2,"born_in_chaos_v1:fallen_chaos_knight":1,"minecraft:zombie":5,"minecraft:pig":6,"born_in_chaos_v1:dread_hound":1,"born_in_chaos_v1:zombie_lumberjack":1,"minecraft:chicken":1,"born_in_chaos_v1:baby_skeleton":1,"born_in_chaos_v1:spirit_guide_assistant":5,"minecraft:spider":3,"born_in_chaos_v1:scarlet_persecutor":3,"minecraft:cow":4,"born_in_chaos_v1:maggot":2},"minecraft:dropped":{"minecraft:stick":1},"minecraft:picked_up":{"born_in_chaos_v1:shattered_skull":1,"minecraft:chainmail_boots":1,"minecraft:feather":2,"minecraft:chicken":1,"minecraft:leather":3,"minecraft:pig_spawn_egg":2,"born_in_chaos_v1:ethereal_spirit":6,"minecraft:acacia_log":6,"doggytalents:rice_grains":1,"minecraft:porkchop":7,"minecraft:chainmail_chestplate":1,"minecraft:spruce_log":1,"born_in_chaos_v1:pieceofdarkmetal":3,"minecraft:dirt":2,"minecraft:string":3,"minecraft:stone_sword":1,"minecraft:bone":8,"minecraft:arrow":3,"minecraft:acacia_planks":8,"minecraft:rotten_flesh":4,"minecraft:chainmail_leggings":1,"minecraft:beef":9,"minecraft:acacia_sapling":1,"minecraft:cobblestone":3,"minecraft:egg":1},"minecraft:mined":{"minecraft:acacia_leaves":1,"minecraft:grass":1,"minecraft:acacia_log":3,"minecraft:stone":3}},"DataVersion":3465}